<?xml version="1.0" encoding="UTF-8" standalone="yes"?>
<addon id="repository.embycon" name="EmbyCon Addons" version="0.0.1" provider-name="">
	<requires>
		<import addon="xbmc.addon" version="12.0.0"/>
	</requires>
	<extension point="xbmc.addon.repository" name="EmbyCon Repository">
		<dir minversion="16.999.0">
			<info compressed="false">https://faush01.github.io/embycon_kodi_repo/repo/release/v17_krypton/addons.xml</info>
			<checksum>https://faush01.github.io/embycon_kodi_repo/repo/release/v17_krypton/addons.xml.md5</checksum>
			<datadir zip="true">https://faush01.github.io/embycon_kodi_repo/repo/release/v17_krypton/</datadir>
		</dir>
		<dir minversion="20.999.0">
			<info compressed="false">https://faush01.github.io/embycon_kodi_repo/repo/release/v21_omega/addons.xml</info>
			<checksum>https://faush01.github.io/embycon_kodi_repo/repo/release/v21_omega/addons.xml.md5</checksum>
			<datadir zip="true">https://faush01.github.io/embycon_kodi_repo/repo/release/v21_omega/</datadir>
		</dir>
	</extension>
	<extension point="xbmc.addon.metadata">
		<summary>EmbyCon Addon Repository</summary>
		<description>This repo contains add-ons for EmbyCon</description>
		<disclaimer></disclaimer>
		<platform>all</platform>
		<assets>
			<icon>resources/icon.png</icon>
			<fanart>resources/fanart.jpg</fanart>
		</assets>
	</extension>
</addon>
